;Abertura da Proposta;Edital;Endereço;Entrega da Proposta;Fax;Objeto;Telefone;preg_cod
0; em 05/10/2010 às 09:00Hs, no endereço: www.comprasnet.gov.br;22/09/2010 das 09:00 às 11:00 Hs e das 13:00 às 15:00 Hs;ENDEREÇO: Praia da Bica, 1361, Jd. Guanabara - Ilha do Governador - Rio de Janeiro (RJ); a partir de 22/09/2010 às 09:00Hs;(0xx21) 21265800      ;Objeto: Pregão Eletrônico -  Impermeabilização da Bacia de Contenção do Tanque ´P´ deste Depósito.;(0xx21) 21265800;22010
1; em 06/10/2010 às 09:00Hs, no endereço: www.comprasnet.gov.br;22/09/2010 das 09:00 às 11:00 Hs e das 13:00 às 15:00 Hs;ENDEREÇO: Praia da Bica, 1361 - jardim Guanabara - Ilha do Governador - Rio de Janeiro (RJ); a partir de 22/09/2010 às 09:00Hs;(0xx21) 21265800      ;Objeto: Pregão Eletrônico -  Registro de Preços para fornecimento de mangotes para chatas e caminhões-pipa deste Depósito.;(0xx21) 21265800;32010
2; em 27/08/2010 às 09:00Hs, no endereço: www.comprasnet.gov.br;16/08/2010 das 09:00 às 11:30 Hs e das 13:30 às 15:30 Hs;ENDEREÇO: Praia da Bica, 1.361 - Jardim Guanabara - Rio de Janeiro (RJ); a partir de 16/08/2010 às 09:00Hs;(0xx21) 21265980      ;Objeto: Pregão Eletrônico -  Contratação de serviço de manutenção da Chata de Combustível n¨ 7, deste Depósito, conforme especificações do Termo de Referência anexo ao Edital.;(0xx21) 21265980;42010
3; em 24/11/2010 às 09:00Hs, no endereço: www.comprasnet.gov.br;09/11/2010 das 09:00 às 11:30 Hs e das 13:30 às 15:00 Hs;ENDEREÇO: Praia da Bica, 1361 - Jardim Guanabara - Ilha do Governador - Rio de Janeiro (RJ); a partir de 09/11/2010 às 09:00Hs;(0xx21) 21265980      ;Objeto: Pregão Eletrônico -  Contratação de serviço de manutenção geral da chata de combustível nº 8 deste Depósito, conforme termo de Referência anexo ao Edital.;(0xx21) 21265978;52010
4; em 08/11/2010 às 09:00Hs, no endereço: www.comprasnet.gov.br;25/10/2010 das 08:30 às 11:30 Hs e das 13:30 às 15:00 Hs;ENDEREÇO: Praia da Bica, 1361, Jardim Guanabara, Rio de Jane - Ilha do Governador - Rio de Janeiro (RJ); a partir de 25/10/2010 às 08:30Hs;(0xx21) 21265980      ;Objeto: Pregão Eletrônico -  Contratação de serviço de manutenção, fornecimento e substituição de elementos filtrantes da rede de querosene de aviação (JP-5) do Depósito de Combustíveis da Marinha no Rio de Janeiro;(0xx21) 21265978;62010
5; em 25/11/2010 às 09:00Hs, no endereço: www.comprasnet.gov.br;10/11/2010 das 08:30 às 11:30 Hs e das 13:30 às 15:00 Hs;ENDEREÇO: Praia da Bica 1361 - Jardim Guanabara - Ilha do Governador - Rio de Janeiro (RJ); a partir de 10/11/2010 às 08:30Hs;(0xx21) 21265980      ;Objeto: Pregão Eletrônico -  Contratação de serviços de manutenção geral do tanque de combustível ´P´, deste Depóstio, conforme Termo de Referência anexo ao Edital.;(0xx21) 21265974;72010
6; em 23/11/2010 às 09:00Hs, no endereço: www.comprasnet.gov.br;09/11/2010 das 08:30 às 11:30 Hs e das 13:30 às 15:00 Hs;ENDEREÇO: Praia da Bica, 1361 - Jardim Guanabara - Rio de Janeiro (RJ); a partir de 09/11/2010 às 08:30Hs;(0xx21) 21265980      ;Objeto: Pregão Eletrônico -  Manutenção geral no tanque de combustível E do Depósito de Combustíveis da Marinha no Rio de Janeiro;(0xx21) 21265978;92010
7; em 29/11/2010 às 09:00Hs, no endereço: www.comprasnet.gov.br;16/11/2010 das 09:00 às 11:30 Hs e das 13:30 às 15:00 Hs;ENDEREÇO: Praia da Bica 1361 - Jardim Guanabara - Ilha do Governador - Rio de Janeiro (RJ); a partir de 16/11/2010 às 09:00Hs;(0xx21) 21265980      ;Objeto: Pregão Eletrônico -  Contratação de serviço de manutenção dos tanques do posto de combustíveis localizado na Base de Abastecimento da Marinha no Rio de Janeiro;(0xx21) 21265974;122010
8; em 27/07/2011 às 09:00Hs, no endereço: www.comprasnet.gov.br;15/07/2011 das 09:00 às 11:30 Hs e das 13:30 às 15:00 Hs;ENDEREÇO: Paraia da Bica, 1.361 - Ilha do Governador - Rio de Janeiro (RJ); a partir de 15/07/2011 às 09:00Hs;(0xx21) 21265980      ;Objeto: Pregão Eletrônico -  Aquisição de tambores em chapa de aço com capacidade de 200 litros, tipo tampa fixa, na sistemática de Registro de Preços.;(0xx21) 21265980;12011
9; em 23/11/2011 às 09:00Hs, no endereço: www.comprasnet.gov.br;09/11/2011 das 08:30 às 11:30 Hs e das 13:30 às 15:30 Hs;Praia da Bica 1361 - Ilha do Governador -  - Rio de Janeiro (RJ); a partir de 09/11/2011 às 08:30Hs;(0xx21) 21265980      ;Objeto: Pregão Eletrônico -  Serviço de elaboração de desenhos técnicos, plantas, esquemas isométricos, fluxogramas e folhas de dados referentes ao sistema de abastecimento do Depósito de Combustíveis da Marinha no Rio de Janeiro (DepCMRJ), conforme o PROGRAMA PARA PROJETO (PPP) Nº PE 1.71210.P18.PPP.001.11, elaborado pela Diretoria de Obras Civis da Marinha, para elaboração de projetos de engenharia, conforme especificações constantes do Anexo A   Termo de Referência - do Edital.;(0xx21) 21265995;22011
10; em 13/10/2011 às 09:00Hs, no endereço: www.comprasnet.gov.br;26/09/2011 das 08:00 às 12:00 Hs e das 13:00 às 15:30 Hs;Praia da Bica 1361 - Ilha do Governador -  - Rio de Janeiro (RJ); a partir de 26/09/2011 às 08:00Hs;(0xx21) 21265980      ;Objeto: Pregão Eletrônico -  Monitoramento e rastreamento  via satélite de um total de 14 (quatorze) veículos;(0xx21) 21265980;32011
11; em 23/11/2011 às 09:00Hs, no endereço: www.comprasnet.gov.br;09/11/2011 das 08:30 às 11:30 Hs e das 13:30 às 15:30 Hs;Praia da Bica 1361 - Ilha do Governador -  - Rio de Janeiro (RJ); a partir de 09/11/2011 às 08:30Hs;(0xx21) 2126980       ;Objeto: Pregão Eletrônico -  Contratação de pessoa jurídica para prestação de serviços continuados de limpeza predial, conservação e jardinagem, com fornecimento de funcionários, equipamentos e material, em regime de empreitada, tipo menor preço global, com área interna de 1.200m  e áreas externas verdes gramadas, ajardinadas e arruamentos com 7200m , nas dependências do DEPÓSITO DE COMBUSTÍVEIS DA  MARINHA NO RIO DE JANEIRO - (DepCMRJ), conforme condições, quantidades e exigências estabelecidas neste Edital e seus anexos.;(0xx21) 21265995;52011
12; em 18/10/2011 às 09:00Hs, no endereço: www.comprasnet.gov.br;05/10/2011 das 08:30 às 11:30 Hs e das 13:00 às 15:30 Hs;Praia da Bica 1361 - Ilha do Governador -  - Rio de Janeiro (RJ); a partir de 05/10/2011 às 08:30Hs;(0xx21)               ;Objeto: Pregão Eletrônico -  Mangotes para as embarcações do tipo  CHATA  e  CAMINHÕES-TANQUE;(0xx21) 23126598;62011
13; em 20/10/2011 às 09:00Hs, no endereço: www.comprasnet.gov.br;07/10/2011 das 08:30 às 11:30 Hs e das 13:00 às 15:30 Hs;Praia da Bica 1361 - Ilha do Governador -  - Rio de Janeiro (RJ); a partir de 07/10/2011 às 08:30Hs;(0xx21)               ;Objeto: Pregão Eletrônico -  Aquisição de extintores portáteis e sobre rodas novos, dentro dos padrões técnicos estabelecidos e regulamentados pela Portaria nº 5, de 14 de janeiro de 2000, do Instituto de Metrologia, Normalização e Qualidade Industrial   INMETRO;(0xx21) 21265980;72011
14; em 19/10/2011 às 09:00Hs, no endereço: www.comprasnet.gov.br;06/10/2011 das 08:30 às 11:45 Hs e das 13:00 às 15:30 Hs;Praia da Bica 1361 - Ilha do Governador -  - Rio de Janeiro (RJ); a partir de 06/10/2011 às 08:30Hs;(0xx21)               ;Objeto: Pregão Eletrônico -  Material de combate e controle a acidente ambiental por vazamento de combustíveis.;(0xx21) 21265980;92011
15; em 08/12/2011 às 09:00Hs, no endereço: www.comprasnet.gov.br;28/11/2011 das 08:30 às 11:30 Hs e das 13:30 às 15:30 Hs;Praia da Bica 1361 - Ilha do Governador -  - Rio de Janeiro (RJ); a partir de 28/11/2011 às 08:30Hs;(0xx21) 22125980      ;"Objeto: Pregão Eletrônico -  Serviço de lavanderia para 500Kh de roupas do Depósito de Combustíveis da Marinha no Rio de Janeiro  (DepCMRJ),  conforme especificado: Pano Verde 50% algodão e 50% poliéster; Lençol 100% algodão  Fronha  100% algodão; Colcha Branca 100% algodão; Toalha de rosto 100% algodão; Toalha de mesa G 100% algodão; Guardanapo 100% algodão; Jaleco poliéster; Toalha de banho 100% algodão; Toalha de mesa M 100% algodão; Toalha de mesa GG 100% algodão.";(0xx21) 21265980;112011
16; em 29/11/2011 às 09:00Hs, no endereço: www.comprasnet.gov.br;17/11/2011 das 09:00 às 11:30 Hs e das 13:30 às 15:00 Hs;Praia da Bica 1361 - Ilha do Governador -  - Rio de Janeiro (RJ); a partir de 17/11/2011 às 09:00Hs;(0xx21) 5980          ;Objeto: Pregão Eletrônico -  Contratação de serviços de engenharia necessários à substituição da estrutura metálica atual do telhado do Separador de Água e óleo do DepCMRJ por estrutura em concreto armado, com a reutilização das telhas existentes, nas especificações e quantitativos estabelecidos, conforme consta no Termo de Referência.;(0xx21) 21265980;162011
17; em 17/11/2011 às 09:00Hs, no endereço: www.comprasnet.gov.br;28/10/2011 das 08:30 às 11:30 Hs e das 13:30 às 15:30 Hs;Praia da Bica 1361 - Ilha do Governador -  - Rio de Janeiro (RJ); a partir de 28/10/2011 às 08:30Hs;(0xx21) 21265980      ;Objeto: Pregão Eletrônico -  Contratação de pessoa jurídica  para realização dos serviços de reparo, pintura, jateamento, arqueação, testes, adaptação, instalação, recuperação, substituição de material e chapas, desgaseificação  e limpeza  dos  tanques, tratamento, revisão, pintura, reposição de acessórios e equipamentos da Chata  de Transporte de Óleo Combustível 04 (CTOC-04) do DEPÓSITO DE COMBUSTÍVEIS DA  MARINHA NO RIO DE JANEIRO  - (DepCMRJ),  conforme condições, quantidades e exigências estabelecidas neste Edital, no e seu  Anexo A, Termo de Referência.;(0xx21) 21265995;172011
18; em 12/12/2011 às 09:00Hs, no endereço: www.comprasnet.gov.br;28/11/2011 das 08:30 às 11:30 Hs e das 13:30 às 15:30 Hs;Praia da Bica 1361 - Ilha do Governador -  - Rio de Janeiro (RJ); a partir de 28/11/2011 às 08:30Hs;               ;Objeto: Pregão Eletrônico -  Aquisição de 200 Paletes de madeira: Item 1(um) - 100 (CEM) PALETES DE 1200X 1200 MM, 02 ENTRADAS, UMA FACE FECHADO NA PARTE DE CIMA (SEM INTERVALOS ENTRE AS TÁBUAS), 120 MM DE ALTURA, 70 MM DE BASE (PEÇA INTEIRA), CONSTRUÍDO COM MADEIRAS DE LEI     e Item 2 (dois) - 100 (CEM) PALETES DE  1200 X 1200 MM, 04 ENTRADAS, DUPLA FACE, ASSOALHO ABERTO, CONSTRUÍDO COM MADEIRA DE LEI,conforme as especificações do Edital.;         ;192011
19; em 15/12/2011 às 09:00Hs, no endereço: www.comprasnet.gov.br;02/12/2011 das 08:30 às 11:30 Hs e das 13:30 às 15:30 Hs;Praia da Bica 1361 - Ilha do Governador -  - Rio de Janeiro (RJ); a partir de 02/12/2011 às 08:30Hs;(0xx21) 21265980      ;Objeto: Pregão Eletrônico -  Contratação de prestação de serviços de Manutenção Corretiva de Empilhadeiras e Paleteiras da Divisão de Abastecimento do Depósito de Combustíveis da Marinha no Rio de Janeiro (DepCMRJ), conforme especificações constantes do Anexo A   Termo de Referência - deste Edital.;(0xx21) 2126598 ;252011
20; em 06/12/2011 às 09:00Hs, no endereço: www.comprasnet.gov.br;23/11/2011 das 08:30 às 11:30 Hs e das 13:30 às 15:30 Hs;Praia da Bica 1361 - Ilha do Governador -  - Rio de Janeiro (RJ); a partir de 23/11/2011 às 08:30Hs;(0xx21) 21265980      ;Objeto: Pregão Eletrônico -  Contratação de empresa especializada para realização do serviço de reforma geral dos sistemas, elétrico e mecânico, das Câmaras Frigoríficas, de gêneros congelados e laticínios, da Divisão de Intendência do Depósito de Combustíveis da Marinha no Rio de Janeiro (DepCMRJ), com a substituição e instalação de equipamentos e acessórios fundamentais ao perfeito funcionamento da mesma, conforme especificado no Termo de Referência, Anexo A ao Edital.;(0xx21) 21265980;272011
21; em 14/12/2011 às 09:00Hs, no endereço: www.comprasnet.gov.br;30/11/2011 das 08:30 às 11:30 Hs e das 13:30 às 15:30 Hs;Praia da Bica 1361 - Ilha do Governador -  - Rio de Janeiro (RJ); a partir de 30/11/2011 às 08:30Hs;(0xx21) 21265980      ;Objeto: Pregão Eletrônico -  Serviços de reparo, pintura, jateamento, arqueação, testes, adaptação, instalação, recuperação, substituição de material e chapas de aço, desgaseificação  e limpeza  dos  tanques, tratamento, revisão, pintura, reposição de acessórios e equipamentos da Chata  de Transporte de Querosene de Aviação 05 (CTQAv-05), conforme condições, quantidades e exigências estabelecidas no Termo de Referência, Anexo A,  deste Edital do DEPÓSITO DE COMBUSTÍVEIS DA  MARINHA NO RIO DE JANEIRO  - (DepCMRJ).;(0xx21) 21265980;412011
22; em 13/03/2012 às 09:00Hs, no endereço: www.comprasnet.gov.br;28/02/2012 das 08:30 às 11:30 Hs e das 13:15 às 15:30 Hs;Praia da Bica 1361 - Ilha do Governador -  - Rio de Janeiro (RJ); a partir de 28/02/2012 às 08:30Hs;(0xx21)               ;Objeto: Pregão Eletrônico -  O objeto da presente licitação é o registro de preços para eventual contratação de serviços     de engenharia para  manutenção nas redes de combustíveis da Divisão de Abastecimento do     Depósito de Combustíveis da Marinha no Rio de Janeiro, com o fornecimento de todo o material    necessário à sua execução, conforme especificado no Termo de Referência, Anexo A deste     edital.;(0xx21) 21265980;12012
23; em 15/03/2012 às 09:00Hs, no endereço: www.comprasnet.gov.br;01/03/2012 das 08:30 às 11:30 Hs e das 13:30 às 15:30 Hs;Praia da Bica 1361 - Ilha do Governador -  - Rio de Janeiro (RJ); a partir de 01/03/2012 às 08:30Hs;(0xx21)               ;Objeto: Pregão Eletrônico -  Contratação de serviços especializados em audiofonia para realização de instalação de equipamentos, com fornecimento dos materiais, para  recuperação do sistema de fonoclama do DepCMRJ, com execução mediante o regime de empreitada por preço global, conforme condições, quantidades e exigências estabelecidas neste Edital e seus anexos.;(0xx21) 21265980;22012
24; em 11/10/2012 às 09:00Hs, no endereço: www.comprasnet.gov.br;01/10/2012 das 08:15 às 11:45 Hs e das 13:15 às 15:30 Hs;Praia da Bica 1361 - Ilha do Governador -  - Rio de Janeiro (RJ); a partir de 01/10/2012 às 08:15Hs;(0xx21) 21265980      ;Objeto: Pregão Eletrônico -  Contratação de empresa especializada para a prestação de serviços de monitoramento de veículos via satélite, com fornecimento de equipamento GPS, no total de 14 (quatorze) veículos pertencentes ao Depósito de Combustíveis da Marinha no Rio de Janeiro, pelo período de 12 (doze) meses.;(0xx21) 21265980;32012
25; em 30/10/2012 às 09:00Hs, no endereço: www.comprasnet.gov.br;17/10/2012 das 08:30 às 11:45 Hs e das 13:15 às 15:30 Hs;Praia da Bica 1361 - Ilha do Governador -  - Rio de Janeiro (RJ); a partir de 17/10/2012 às 08:30Hs;(0xx20) 21265980      ;Objeto: Pregão Eletrônico -  Contratação de empresa especializada para elaboração de desenhos técnicos, plantas, esquemas isométricos, fluxogramas e folhas de dados referentes ao sistema de abastecimento do Depósito de Combustíveis da Marinha no Rio de Janeiro (DepCMRJ),  conforme o  Apenso A  PROGRAMA PARA PROJETO (PPP) Nº PE. 1.71210.P18.PPP.001.11, elaborado pela Diretoria de Obras Civis da Marinha.;(0xx20) 21265980;42012
26; em 11/07/2012 às 09:00Hs, no endereço: www.comprasnet.gov.br;29/06/2012 das 08:30 às 11:30 Hs e das 13:30 às 15:30 Hs;Praia da Bica 1361 - Ilha do Governador -  - Rio de Janeiro (RJ); a partir de 29/06/2012 às 08:30Hs;(0xx21) 21265980      ;Objeto: Pregão Eletrônico -  Aquisição de pneus e baterias novos, originais e com garantia de fábrica, dentro dos padrões técnicos estabelecidos e regulamentados pela Portaria nº 5, de 14 de janeiro de 2000, do Instituto de Metrologia, Normalização e Qualidade Industrial   IMETRO e Associação Brasileira de Normas Técnicas para serem usados em viaturas da Divisão de Transportes do Depósito de Combustíveis da Marinha no Rio de Janeiro (DepCMRJ), conforme estabelecido do Edital 06/2012 do DepCMRJ.;(0xx21) 21265980;62012
27; em 07/08/2012 às 09:00Hs, no endereço: www.comprasnet.gov.br;20/07/2012 das 08:30 às 11:30 Hs e das 13:15 às 15:30 Hs;Praia da Bica 1361 - Ilha do Governador -  - Rio de Janeiro (RJ); a partir de 20/07/2012 às 08:30Hs;(0xx21) 21265980      ;Objeto: Pregão Eletrônico -  Contratação de empresa de engenharia especializada para realização de serviço comum de engenharia de contenção da encosta posicionada junto a bacia de contenção dos Tanques A e B do Depósito de Combustíveis da Marinha no Rio de Janeiro (DepCMRJ), por meio de muro de gabião, conforme especificações contidas no Edital.;(0xx21) 21265980;82012
28; em 19/04/2012 às 09:00Hs, no endereço: www.comprasnet.gov.br;05/04/2012 das 08:30 às 11:30 Hs e das 13:30 às 15:30 Hs;Praia da Bica 1361 - Ilha do Governador -  - Rio de Janeiro (RJ); a partir de 05/04/2012 às 08:30Hs;               ;Objeto: Pregão Eletrônico -  Aquisição de ferramentas e equipamentos de proteção individual para a Divisão de Abastecimento do Depósito de Combustíveis da Marinha no Rio de Janeiro,  conforme as especificações apresentadas no Termo de Referência.;         ;102012
29; em 15/05/2012 às 09:00Hs, no endereço: www.comprasnet.gov.br;02/05/2012 das 08:30 às 11:30 Hs e das 13:30 às 15:30 Hs;Praia da Bica 1361 - Ilha do Governador -  - Rio de Janeiro (RJ); a partir de 02/05/2012 às 08:30Hs;(0xx21)               ;Objeto: Pregão Eletrônico -  Aquisição de equipamentos necessários a atividade do laboratório de análises e monitoramento da qualidade dos combustíveis e lubrificantes estocados nesse DepCMRJ, conforme descrito no Termo de Referência do Edital nº 11/2012.;(0xx21) 21265980;112012
30; em 25/04/2012 às 09:00Hs, no endereço: www.comprasnet.gov.br;11/04/2012 das 08:30 às 11:30 Hs e das 13:30 às 15:30 Hs;Praia da Bica 1361 - Ilha do Governador -  - Rio de Janeiro (RJ); a partir de 11/04/2012 às 08:30Hs;(0xx21)               ;Objeto: Pregão Eletrônico -  Contratação de empresa para prestação de serviços, aquisição e instalação de filtros simplex de 6 polegadas e filtro simplex de 4 polegadas nas redes de combustíveis do DepCMRJ, para atender às necessidades da Divisão de Abastecimento, conforme especificações constantes do Anexo A   Termo de Referência - deste Edital.;(0xx21)         ;162012
31; em 07/11/2012 às 13:00Hs, no endereço: www.comprasnet.gov.br;23/10/2012 das 08:30 às 11:45 Hs e das 13:15 às 15:30 Hs;Praia da Bica 1361 - Ilha do Governador -  - Rio de Janeiro (RJ); a partir de 23/10/2012 às 08:30Hs;(0xx21) 21265980      ;Objeto: Pregão Eletrônico -  Contratação dos serviços de manutenção de válvulas, das redes de combustíveis do  Depósito de Combustíveis da Marinha no Rio de Janeiro, conforme especificações e quantitativos estabelecidos no Termo de Referência;(0xx21) 21265980;212012
32; em 07/11/2012 às 09:00Hs, no endereço: www.comprasnet.gov.br;23/10/2012 das 08:15 às 11:45 Hs e das 13:15 às 15:30 Hs;Praia da Bica 1361 - Ilha do Governador -  - Rio de Janeiro (RJ); a partir de 23/10/2012 às 08:15Hs;(0xx21) 21265980      ;Objeto: Pregão Eletrônico -  Fornecimento e instalação de válvulas, para as redes de combustíveis do  Depósito de Combustíveis da Marinha no Rio de Janeiro, conforme especificações e quantitativos estabelecidos abaixo:;(0xx21) 21265980;222012
33; em 11/10/2012 às 09:00Hs, no endereço: www.comprasnet.gov.br;01/10/2012 das 08:15 às 11:45 Hs e das 13:15 às 15:30 Hs;Praia da Bica 1361 - Ilha do Governador -  - Rio de Janeiro (RJ); a partir de 01/10/2012 às 08:15Hs;(0xx21) 21265980      ;Objeto: Pregão Eletrônico -  Aquisição de tambores novos de 200 litros para atender às necessidades do DepCMRJ, conforme condições, quantidades e exigências estabelecidas neste Edital e seus anexos.;(0xx21) 21265980;232012
34; em 12/06/2012 às 09:00Hs, no endereço: www.comprasnet.gov.br;25/05/2012 das 08:00 às 11:30 Hs e das 13:15 às 15:30 Hs;Praia da Bica 1361 - Ilha do Governador -  - Rio de Janeiro (RJ); a partir de 25/05/2012 às 08:00Hs;(0xx21) 21265980      ;Objeto: Pregão Eletrônico -  Registro de preços para escolha da proposta mais vantajosa para a eventual contratação de empresa para a prestação de serviços de recolhimento de lixo gerado por esta unidade em decorrência de suas atividades administrativas conforme condições, quantidades e exigências estabelecidas neste Edital e seus anexos.;(0xx21) 21265980;242012
35; em 11/10/2012 às 13:30Hs, no endereço: www.comprasnet.gov.br;01/10/2012 das 08:00 às 11:45 Hs e das 13:15 às 15:30 Hs;Praia da Bica 1361 - Ilha do Governador -  - Rio de Janeiro (RJ); a partir de 01/10/2012 às 08:00Hs;(0xx21) 21265980      ;Objeto: Pregão Eletrônico -  Aquisição de materiais para manobra de peso, para a transferência de lubrificantes e graxas do cais do DepCMRJ às embarcações que os transportarão, para a Divisão de Abastecimento do Depósito de Combustíveis da Marinha no Rio de Janeiro, conforme condições, quantidades e exigências estabelecidas neste Edital e seus anexos.;(0xx21) 21265980;252012
36; em 01/11/2012 às 09:00Hs, no endereço: www.comprasnet.gov.br;22/10/2012 das 08:15 às 11:45 Hs e das 13:15 às 15:30 Hs;Praia da Bica 1361 - Ilha do Governador -  - Rio de Janeiro (RJ); a partir de 22/10/2012 às 08:15Hs;(0xx21) 21265980      ;Objeto: Pregão Eletrônico -  Contratação de serviços de engenharia, conforme condições, quantidades e exigências estabelecidas neste Edital e seus anexos.;(0xx21) 21265980;282012
37; em 06/11/2012 às 08:00Hs, no endereço: www.comprasnet.gov.br;23/10/2012 das 08:15 às 11:45 Hs e das 13:15 às 15:30 Hs;Praia da Bica 1361 - Ilha do Governador -  - Rio de Janeiro (RJ); a partir de 23/10/2012 às 08:15Hs;(0xx21) 21265980      ;Objeto: Pregão Eletrônico -  Serviço de engenharia para realização das obras da enfermaria e estacionamento do Depósito de Combustíveis da Marinha no Rio de Janeiro, especificados no Estudo Técnico Preliminar, sob o regime de execução de empreitada por preço global, conforme condições, quantidades e exigências estabelecidas neste instrumento, especificamente no Apensos  A e B, à este Termo, o Memorial Descritivo e Orçamento Sintético.;(0xx21) 21265980;292012
38; em 02/10/2012 às 09:00Hs, no endereço: www.comprasnet.gov.br;20/09/2012 das 08:15 às 11:45 Hs e das 13:15 às 15:30 Hs;Praia da Bica 1361 - Ilha do Governador -  - Rio de Janeiro (RJ); a partir de 20/09/2012 às 08:15Hs;(0xx21) 21265980      ;Objeto: Pregão Eletrônico -  Aquisição de gêneros alimentícios para o DepCMRJ, conforme condições, quantidades e exigências estabelecidas neste Edital e seus anexos.;(0xx21) 21265980;332012
39; em 17/04/2012 às 09:00Hs, no endereço: www.comprasnet.gov.br;04/04/2012 das 08:00 às 11:30 Hs e das 13:15 às 15:30 Hs;Praia da Bica 1361 - Ilha do Governador -  - Rio de Janeiro (RJ); a partir de 04/04/2012 às 08:00Hs;(0xx21)               ;Objeto: Pregão Eletrônico -  Registro de preços para eventual contratação de serviços de engenharia para manutenção nas redes de combustíveis da Divisão de Abastecimento do Depósito de Combustíveis da Marinha no Rio de Janeiro, com o fornecimento de todo o material necessário à sua execução, conforme especificado no Termo de Referência, Anexo A deste edital.;(0xx21) 21265980;342012
40; em 23/04/2012 às 09:00Hs, no endereço: www.comprasnet.gov.br;09/04/2012 das 08:30 às 11:30 Hs e das 13:30 às 15:30 Hs;Praia da Bica 1361 - Ilha do Governador -  - Rio de Janeiro (RJ); a partir de 09/04/2012 às 08:30Hs;               ;Objeto: Pregão Eletrônico -  Contratação de serviços especializados em audiofonia para realização de instalação de equipamentos, com fornecimento dos materiais, para  recuperação do sistema de fonoclama do DepCMRJ, com execução mediante o regime de empreitada por preço global, conforme condições, quantidades e exigências estabelecidas neste Edital e seus anexos.;         ;352012
41; em 04/09/2012 às 09:00Hs, no endereço: www.comprasnet.gov.br;22/08/2012 das 08:00 às 11:45 Hs e das 13:15 às 15:30 Hs;Praia da Bica 1361 - Ilha do Governador -  - Rio de Janeiro (RJ); a partir de 22/08/2012 às 08:00Hs;(0xx21) 21265980      ;Objeto: Pregão Eletrônico -  Contratação de empresa para aquisição de Gás Liquefeito de Petróleo    GLP   engarrafado,  propano-butano para aplicação em cozinha industrial e em empilhadeira industrial, para a  o Depósito de Combustíveis da Marinha no Rio de Janeiro, conforme as especificações conforme condições, quantidades e exigências estabelecidas neste Edital;(0xx21) 21265980;612012
42; em 19/10/2012 às 09:00Hs, no endereço: www.comprasnet.gov.br;08/10/2012 das 08:15 às 11:45 Hs e das 13:15 às 15:30 Hs;Praia da Bica 1361 - Ilha do Governador -  - Rio de Janeiro (RJ); a partir de 08/10/2012 às 08:15Hs;(0xx21) 21265980      ;Objeto: Pregão Eletrônico -  Manutenção corretiva dos caminhões pipa e caminhão do bombeiro, para atender as necessidades da Divisão de Transporte do Depósito de Combustíveis da Marinha no Rio de Janeiro, conforme especificações e quantitativos estabelecidos;(0xx21) 21265980;622012
43; em 06/06/2012 às 09:00Hs, no endereço: www.comprasnet.gov.br;25/05/2012 das 08:30 às 11:30 Hs e das 13:30 às 15:30 Hs;Praia da Bica 1361 - Ilha do Governador -  - Rio de Janeiro (RJ); a partir de 25/05/2012 às 08:30Hs;(0xx21) 21265980      ;Objeto: Pregão Eletrônico -  Contratação de empresa para prestação de serviços aquisição e instalação de filtros simplex de 6 polegadas e filtro simplex de 4 polegadas nas redes de combustíveis do DepCMRJ, para atender às necessidades da Divisão de Abastecimento, conforme especificações constantes do Anexo A   Termo de Referência - deste Edital.;(0xx21) 21265980;662012
44; em 18/09/2012 às 09:00Hs, no endereço: www.comprasnet.gov.br;03/09/2012 das 08:00 às 11:45 Hs e das 13:15 às 15:30 Hs;Praia da Bica 1361 - Ilha do Governador -  - Rio de Janeiro (RJ); a partir de 03/09/2012 às 08:00Hs;(0xx21) 21265980      ;Objeto: Pregão Eletrônico -  Contratação de empresa para prestação dos serviços de manutenção corretiva de bombas de combustíveis e incêndio do Depósito de Combustíveis da Marinha no Rio de Janeiro, conforme especificações e quantitativos estabelecidos neste Edital.;(0xx21) 2126598 ;682012
45; em 14/08/2012 às 09:00Hs, no endereço: www.comprasnet.gov.br;02/08/2012 das 08:30 às 11:30 Hs e das 13:15 às 15:30 Hs;Praia da Bica 1361 - Ilha do Governador -  - Rio de Janeiro (RJ); a partir de 02/08/2012 às 08:30Hs;(0xx21) 21265980      ;Objeto: Pregão Eletrônico -  Contratação de empresa para realização de serviço comum de engenharia especializada para reforma das instalações de combate a incêndio do Depósito de Combustíveis da Marinha do Rio de Janeiro   DepCMRJ,;(0xx21) 21265980;722012
46; em 25/09/2012 às 09:00Hs, no endereço: www.comprasnet.gov.br;13/09/2012 das 08:00 às 11:45 Hs e das 13:15 às 15:30 Hs;Praia da Bica 1361 - Ilha do Governador -  - Rio de Janeiro (RJ); a partir de 13/09/2012 às 08:00Hs;(0xx21) 21265980      ;Objeto: Pregão Eletrônico -  Aquisição de equipamentos necessários a atividade do laboratório de análises e monitoramento da qualidade dos combustíveis e lubrificantes estocados nesse DepCMRJ, conforme condições e quantidades dprevistas no Edital.;(0xx21) 21265980;762012
47; em 21/11/2012 às 09:00Hs, no endereço: www.comprasnet.gov.br;08/11/2012 das 08:15 às 11:45 Hs e das 13:15 às 15:30 Hs;Praia da Bica 1361 - Ilha do Governador -  - Rio de Janeiro (RJ); a partir de 08/11/2012 às 08:15Hs;(0xx21) 21265980      ;Objeto: Pregão Eletrônico -  Contratação de empresa  para fornecimento de peças e serviços de reparos nas Lanchas Flexboat e LAM 7, para atender as necessidades da Divisão de Transporte do Depósito de Combustíveis da Marinha no Rio de Janeiro, conforme especificações e quantitativos estabelecidos neste Edital e seus anexos.;(0xx21) 21265980;782012
48; em 22/11/2012 às 09:00Hs, no endereço: www.comprasnet.gov.br;08/11/2012 das 08:15 às 11:45 Hs e das 13:15 às 15:30 Hs;Praia da Bica 1361 - Ilha do Governador -  - Rio de Janeiro (RJ); a partir de 08/11/2012 às 08:15Hs;(0xx21) 21265980      ;Objeto: Pregão Eletrônico -  Manutenção, fornecimento e substituição de elementos dos vasos filtrantes da rede de querosene de aviação (JP-5) para atender às necessidades da Divisão de Abastecimento do Depósito de Combustíveis da Marinha no Rio de Janeiro, conforme especificações e quantitativos estabelecidos no Edital be seus anexos de nº 84/2012.;(0xx21) 21265980;842012
49; em 17/12/2012 às 09:00Hs, no endereço: www.comprasnet.gov.br;05/12/2012 das 08:00 às 11:45 Hs e das 13:15 às 15:20 Hs;Praia da Bica 1361 - Ilha do Governador -  - Rio de Janeiro (RJ); a partir de 05/12/2012 às 08:00Hs;(0xx21) 21265980      ;Objeto: Pregão Eletrônico -  Contratação de empresa para prestação de serviços de inspeção de tanques de combustíveis do Depósito de Combustíveis da Marinha no Rio de Janeiro, conforme especificações e quantitativos estabelecidos na Especificação Técnica nº PE.1.71210.001.ESP.023.11, elaborada pela Diretoria de Obras Civis da Marinha.;(0xx21) 21265980;882012
50; em 22/01/2013 às 09:00Hs, no endereço: www.comprasnet.gov.br;10/01/2013 das 08:15 às 11:45 Hs e das 13:15 às 15:30 Hs;Praia da Bica 1361 - Ilha do Governador -  - Rio de Janeiro (RJ); a partir de 10/01/2013 às 08:15Hs;(0xx21) 21265980      ;Objeto: Pregão Eletrônico -  Aquisição de gêneros alimentícios para o rancho do Depósito de Combustíveis da Marinha no Rio de Janeiro, conforme as especificações apresentadas no Edital 01 de 2013.;(0xx21) 21265980;12013
51; em 21/03/2013 às 09:00Hs, no endereço: www.comprasnet.gov.br;11/03/2013 das 08:15 às 11:45 Hs e das 13:15 às 15:30 Hs;Praia da Bica 1361 - Ilha do Governador -  - Rio de Janeiro (RJ); a partir de 11/03/2013 às 08:15Hs;(0xx21) 21265980      ;Objeto: Pregão Eletrônico -  Remoção, transporte e destinação final de misturas oleosas e resíduos oleosos, limpeza e desgaseificação de tanques de armazenamentos, chatas de transportes de combustíveis, caminhões tanques (pipa) de transporte de combustíveis, separador de água e óleo (S.A.O) e caixas separadoras dos postos de combustíveis da Divisão de Abastecimento do Depósito de Combustíveis da Marinha no Rio de Janeiro, conforme especificações e quantitativos estabelecidos no Edital 02/2013.;(0xx21) 21265980;22013
52; em 31/01/2013 às 09:00Hs, no endereço: www.comprasnet.gov.br;17/01/2013 das 08:15 às 11:30 Hs e das 13:15 às 15:30 Hs;Praia da Bica 1361 - Ilha do Governador -  - Rio de Janeiro (RJ); a partir de 17/01/2013 às 08:15Hs;(0xx21) 21265980      ;Objeto: Pregão Eletrônico -  Registro de preços para escolha da proposta mais vantajosa para a aquisição de Suprimentos de Refrigeração.;(0xx21) 21265980;32013
53; em 30/01/2013 às 09:00Hs, no endereço: www.comprasnet.gov.br;17/01/2013 das 08:15 às 11:45 Hs e das 13:15 às 15:30 Hs;Praia da Bica 1361 - Ilha do Governador -  - Rio de Janeiro (RJ); a partir de 17/01/2013 às 08:15Hs;(0xx21) 21265980      ;Objeto: Pregão Eletrônico -  Aquisição de ferramentas e Equipamentos de Proteção Individual para a Divisão de Abastecimento do Depósito de Combustíveis da Marinha no Rio de Janeiro,  conforme as especificações apresentadas no Edital.;(0xx21) 21265980;42013
54; em 05/06/2013 às 09:00Hs, no endereço: www.comprasnet.gov.br;22/05/2013 das 08:30 às 11:30 Hs e das 13:30 às 15:30 Hs;Praia da Bica 1361 - Ilha do Governador -  - Rio de Janeiro (RJ); a partir de 22/05/2013 às 08:30Hs;(0xx21) 21265980      ;Objeto: Pregão Eletrônico -  Aquisição de Material de Proteção Individual para Cozinha, Escritório e Expediente  para o Depósito de Combustíveis da Marinha no Rio de Janeiro,  conforme as especificações deste Edital.;(0xx21) 21265981;52013
55; em 14/02/2013 às 09:00Hs, no endereço: www.comprasnet.gov.br;31/01/2013 das 08:15 às 11:30 Hs e das 13:15 às 15:30 Hs;Praia da Bica 1361 - Ilha do Governador -  - Rio de Janeiro (RJ); a partir de 31/01/2013 às 08:15Hs;(0xx21) 21265980      ;Objeto: Pregão Eletrônico -  Material de laboratório, para a Divisão Técnica e Meio Ambiente do Depósito de Combustíveis da Marinha no Rio de Janeiro, conforme as especificações apresentadas no Edital 06/2013.;(0xx21) 21265980;62013
56; em 29/11/2013 às 09:00Hs, no endereço: www.comprasnet.gov.br;18/11/2013 das 08:15 às 11:45 Hs e das 13:00 às 15:00 Hs;Praia da Bica 1361 - Ilha do Governador -  - Rio de Janeiro (RJ); a partir de 18/11/2013 às 08:15Hs;(0xx21) 21265981      ;Objeto: Pregão Eletrônico -  Manutenção corretiva de guindastes;(0xx21) 21265980;142013
57; em 28/11/2013 às 13:00Hs, no endereço: www.comprasnet.gov.br;18/11/2013 das 08:15 às 12:00 Hs e das 13:15 às 15:30 Hs;Praia da Bica 1361 - Ilha do Governador -  - Rio de Janeiro (RJ); a partir de 18/11/2013 às 08:15Hs;(0xx21) 21265980      ;Objeto: Pregão Eletrônico -  Barreiras  permanentes de contenção de óleo.;(0xx21) 21265980;202013
58; em 26/11/2013 às 09:00Hs, no endereço: www.comprasnet.gov.br;12/11/2013 das 08:00 às 11:45 Hs e das 13:15 às 15:30 Hs;Praia da Bica 1361 - Ilha do Governador -  - Rio de Janeiro (RJ); a partir de 12/11/2013 às 08:00Hs;(0xx21) 21265980      ;Objeto: Pregão Eletrônico -  Serviço de manutenção do Tanque Golf.;(0xx21) 21265981;412013
59; em 21/11/2013 às 09:00Hs, no endereço: www.comprasnet.gov.br;08/11/2013 das 08:00 às 11:45 Hs e das 13:15 às 15:30 Hs;Praia da Bica 1361 - Ilha do Governador -  - Rio de Janeiro (RJ); a partir de 08/11/2013 às 08:00Hs;(0xx21) 21265981      ;Objeto: Pregão Eletrônico -  Materiais de carpintaria e contrução.;(0xx21) 215980  ;442013
60; em 29/10/2013 às 09:00Hs, no endereço: www.comprasnet.gov.br;16/10/2013 das 08:15 às 11:45 Hs e das 13:15 às 15:30 Hs;Praia da Bica 1361 - Ilha do Governador -  - Rio de Janeiro (RJ); a partir de 16/10/2013 às 08:15Hs;(0xx21) 21265980      ;Objeto: Pregão Eletrônico -  Remoção, transporte e destinação final de misturas oleosas e resíduos oleosos, limpeza e desgaseificação de tanques de armazenamentos de combustíveis, chatas de transportes de combustíveis, caminhões tanques (pipa) de transporte de combustíveis, separador de água e óleo (S.A.O) e caixas separadoras dos postos de combustíveis, do Depósito de Combustíveis da Marinha no Rio de Janeiro, conforme especificado no Edital e seus Anexos.;(0xx21) 21265981;482013
61; em 13/06/2013 às 09:00Hs, no endereço: www.comprasnet.gov.br;23/05/2013 das 08:30 às 12:00 Hs e das 13:30 às 15:30 Hs;Praia da Bica 1361 - Ilha do Governador -  - Rio de Janeiro (RJ); a partir de 23/05/2013 às 08:30Hs;(0xx21) 21265980      ;Objeto: Pregão Eletrônico -  Aquisição de equipamentos necessários a atividade do laboratório de análises e monitoramento da qualidade dos combustíveis e lubrificantes estocados nesse DepCMRJ, conforme  a descrição e especificações dos equipamentos no Edital 55/2013 do DepCMRJ.;(0xx21) 21265981;552013
62; em 29/05/2013 às 09:00Hs, no endereço: www.comprasnet.gov.br;17/05/2013 das 08:30 às 11:45 Hs e das 13:30 às 15:00 Hs;Praia da Bica 1361 - Ilha do Governador -  - Rio de Janeiro (RJ); a partir de 17/05/2013 às 08:30Hs;(0xx21) 21265980      ;Objeto: Pregão Eletrônico -  Aquisição de sobressalentes para Chatas de transporte de combustíveis e acessórios para viaturas.;(0xx21) 21265981;562013
63; em 28/11/2013 às 09:00Hs, no endereço: www.comprasnet.gov.br;18/11/2013 das 08:15 às 11:45 Hs e das 13:00 às 15:30 Hs;Praia da Bica 1361 - Ilha do Governador -  - Rio de Janeiro (RJ); a partir de 18/11/2013 às 08:15Hs;(0xx21) 21265981      ;Objeto: Pregão Eletrônico -  O objeto da presente licitação é a escolha da proposta mais vantajosa para a prestação do serviço comum de engenharia para a execução de sondagens geotécnicas mistas, através de 8 (oito) furos de sondagem em solo e rochas, visando o reconhecimento do subsolo na Área do tanque Papa (P), com 4 (quatro)  furos e na área junto a Casa Oleomar, com 4 (quatro)  furos, conforme os Croquis e  Plantas constante dos Apensos, em terreno situado no Depósito de Combustíveis da Marinha no Rio de Janeiro, incluídos no objeto  todos os serviços e custos diretos e indiretos relativos à execução de sondagens mistas, conforme condições, quantidades e exigências estabelecidas neste Edital e seus anexos.;(0xx21) 21265980;602013
64; em 23/09/2013 às 09:00Hs, no endereço: www.comprasnet.gov.br;11/09/2013 das 08:15 às 11:45 Hs e das 13:15 às 15:30 Hs;Praia da Bica 1361 - Ilha do Governador -  - Rio de Janeiro (RJ); a partir de 11/09/2013 às 08:15Hs;(0xx21) 21265980      ;Objeto: Pregão Eletrônico -  Serviço de telefonia móvel.;(0xx21) 21265980;672013
65; em 30/09/2013 às 09:00Hs, no endereço: www.comprasnet.gov.br;16/09/2013 das 08:15 às 11:45 Hs e das 13:15 às 15:30 Hs;Praia da Bica 1361 - Ilha do Governador -  - Rio de Janeiro (RJ); a partir de 16/09/2013 às 08:15Hs;(0xx21) 21265981      ;Objeto: Pregão Eletrônico -  Aquisição de materiais de cozinha e mobiliário;(0xx21) 21265980;692013
66; em 20/08/2014 às 09:00Hs, no endereço: www.comprasnet.gov.br;07/08/2014 das 08:30 às 11:45 Hs e das 13:15 às 15:30 Hs;Praia da Bica 1361 - Ilha do Governador -  - Rio de Janeiro (RJ); a partir de 07/08/2014 às 08:30Hs;(0xx21) 21265980      ;Objeto: Pregão Eletrônico -  Aquisição de Gêneros Alimentícios para o Depósito de Combustíveis da Marinha no Rio de Janeiro;(0xx21) 21265980;22014
67; em 06/11/2014 às 09:00Hs, no endereço: www.comprasnet.gov.br;24/10/2014 das 08:15 às 11:45 Hs e das 13:15 às 15:30 Hs;Praia da Bica 1361 - Ilha do Governador -  - Rio de Janeiro (RJ); a partir de 24/10/2014 às 08:15Hs;(0xx21) 21265981      ;Objeto: Pregão Eletrônico -  Aquisição de reagentes para a divisão técnica e meio-ambiente;(0xx21) 21265980;32014
68; em 26/11/2014 às 09:00Hs, no endereço: www.comprasnet.gov.br;14/11/2014 das 08:15 às 11:45 Hs e das 13:15 às 15:30 Hs;Praia da Bica 1361 - Ilha do Governador -  - Rio de Janeiro (RJ); a partir de 14/11/2014 às 08:15Hs;(0xx21) 21265981      ;Objeto: Pregão Eletrônico -  Aquisição de material para o laboratório da Divisão de Técnica e Meio Ambiente do Depósito de Combustíveis da Marinha no Rio de Janeiro,  conforme condições, quantidades, exigências e estimativas estabelecidas no Edital.;(0xx21) 21265980;42014
69; em 26/09/2014 às 09:00Hs, no endereço: www.comprasnet.gov.br;16/09/2014 das 08:15 às 11:45 Hs e das 13:15 às 15:30 Hs;Praia da Bica 1361 - Ilha do Governador -  - Rio de Janeiro (RJ); a partir de 16/09/2014 às 08:15Hs;(0xx21) 21265981      ;Objeto: Pregão Eletrônico -  Serviço de manutenção, fornecimento e substituição de elementos dos vasos filtrantes da rede de querosene de aviação (JP-5);(0xx21) 21265980;132014
70; em 16/12/2014 às 09:00Hs, no endereço: www.comprasnet.gov.br;04/12/2014 das 08:15 às 11:45 Hs e das 13:15 às 15:30 Hs;Praia da Bica 1361 - Ilha do Governador -  - Rio de Janeiro (RJ); a partir de 04/12/2014 às 08:15Hs;(0xx21) 21265981      ;Objeto: Pregão Eletrônico -  Aquisição mangueiras de abastecimento de combustível aeronaval, para atender às necessidades da Divisão de Abastecimento do Depósito de Combustíveis da Marinha no Rio de Janeiro,  conforme condições, quantidades e exigências estabelecidas neste Edital e seus anexos.;(0xx21) 21265980;172014
71; em 29/09/2014 às 09:00Hs, no endereço: www.comprasnet.gov.br;15/09/2014 das 08:15 às 11:45 Hs e das 13:15 às 15:30 Hs;Praia da Bica 1361 - Ilha do Governador -  - Rio de Janeiro (RJ); a partir de 15/09/2014 às 08:15Hs;(0xx21) 21265981      ;Objeto: Pregão Eletrônico -  Aquisição de Gêneros Alimentícios;(0xx21) 21265980;232014
72; em 12/11/2014 às 09:00Hs, no endereço: www.comprasnet.gov.br;31/10/2014 das 08:15 às 11:45 Hs e das 13:15 às 15:30 Hs;Praia da Bica 1361 - Ilha do Governador -  - Rio de Janeiro (RJ); a partir de 31/10/2014 às 08:15Hs;(0xx21) 21265981      ;Objeto: Pregão Eletrônico -  Aquisição de Gás Liquefeito de Petróleo   GLP   engarrafado, propano-butano para aplicação em cozinha industrial e em empilhadeira industrial, para a Divisão de Intendência e de Abastecimento, respectivamente, do Depósito de Combustíveis da Marinha no Rio de Janeiro, conforme condições, quantidades, exigências e estimativas estabelecidas neste Edital,;(0xx21) 21265980;262014
73; em 12/02/2015 às 09:00Hs, no endereço: www.comprasnet.gov.br;02/02/2015 das 08:15 às 11:45 Hs e das 13:15 às 15:30 Hs;Praia da Bica 1361 - Ilha do Governador -  - Rio de Janeiro (RJ); a partir de 02/02/2015 às 08:15Hs;(0xx21) 21265981      ;Objeto: Pregão Eletrônico -  Prestação de serviços continuados de limpeza predial, conservação e jardinagem, com fornecimento de funcionários, equipamentos e material, com execução mediante o regime de empreitada, tipo menor preço global, para atender às necessidades do Depósito de Combustíveis da Marinha no Rio de Janeiro, conforme especificações e quantitativos estabelecidos no edital e seus anexos.;(0xx21) 21265980;12015
74; em 06/04/2015 às 09:00Hs, no endereço: www.comprasnet.gov.br;20/03/2015 das 08:30 às 11:45 Hs e das 13:15 às 15:30 Hs;Praia da Bica 1361 - Ilha do Governador -  - Rio de Janeiro (RJ); a partir de 20/03/2015 às 08:30Hs;(0xx21) 21265981      ;Objeto: Pregão Eletrônico -  Escolha da proposta mais vantajosa para a contratação eventual de prestação de serviço de manutenção corretiva de bombas de Combustíveis do Depósito de Combustíveis da Marinha no Rio de Janeiro, conforme especificações, condições, quantidades e exigências estabelecidas neste Edital e seus anexos;(0xx21) 21265980;22015
75; em 28/05/2015 às 08:30Hs, no endereço: www.comprasnet.gov.br;18/05/2015 das 08:15 às 11:45 Hs e das 13:15 às 15:30 Hs;Praia da Bica 1361 - Ilha do Governador -  - Rio de Janeiro (RJ); a partir de 18/05/2015 às 08:15Hs;(0xx21) 21265981      ;Objeto: Pregão Eletrônico -  Serviço de manutenção de empilhadeiras;(0xx21) 21265980;32015
76; em 15/10/2015 às 09:00Hs, no endereço: www.comprasnet.gov.br;01/10/2015 das 08:00 às 11:45 Hs e das 13:15 às 15:30 Hs;Praia da Bica 1361 - Ilha do Governador -  - Rio de Janeiro (RJ); a partir de 01/10/2015 às 08:00Hs;(0xx21) 21265981      ;Objeto: Pregão Eletrônico -  Eventual contratação de serviços de empresa especializada em remoção, transporte e destinação final de misturas oleosas e resíduos oleosos, limpeza e desgaseificação de tanques de armazenamentos de combustíveis, chatas de transportes de combustíveis, caminhões tanques(pipa) de transporte de combustíveis, separador de água e óleo (S.A.O) e caixas separadoras dos postos de combustíveis, da Divisão de Abastecimento do Depósito de Combustíveis da Marinha no Rio de Janeiro.;(0xx21) 21265980;42015
77; em 04/11/2015 às 09:00Hs, no endereço: www.comprasnet.gov.br;22/10/2015 das 08:15 às 11:45 Hs e das 13:15 às 15:00 Hs;Praia da Bica 1361 - Ilha do Governador -  - Rio de Janeiro (RJ); a partir de 22/10/2015 às 08:15Hs;(0xx21) 21265986      ;Objeto: Pregão Eletrônico -  Contratação de serviços de Manutenção e Substituição de Elementos Filtrantes ? JP 5 condições, quantidades e exigências estabelecidas neste Edital e seus anexos.;(0xx21) 21265980;72015
78; em 07/07/2016 às 09:00Hs, no endereço: www.comprasnet.gov.br;27/06/2016 das 08:15 às 11:45 Hs e das 13:15 às 15:30 Hs;Praia da Bica 1361 - Ilha do Governador -  - Rio de Janeiro (RJ); a partir de 27/06/2016 às 08:15Hs;(0xx21) 21265995      ;Objeto: Pregão Eletrônico -  Registro de preços para escolha da proposta mais vantajosa para aquisição de equipamentos, serviços, insumos e treinamento,  para a realização de análises de combustíveis e lubrificantes, para a Divisão de Técnica do Depósito de Combustíveis da Marinha no Rio de Janeiro, conforme especificações,  condições,  condições, quantidades, exigências e estimativas apresentadas e estabelecidas no Edital e seus anexos.;(0xx21) 21255980;82015
79; em 17/08/2015 às 09:00Hs, no endereço: www.comprasnet.gov.br;04/08/2015 das 08:15 às 11:45 Hs e das 13:15 às 15:00 Hs;Praia da Bica 1361 - Ilha do Governador -  - Rio de Janeiro (RJ); a partir de 04/08/2015 às 08:15Hs;(0xx21) 5995          ;Objeto: Pregão Eletrônico -  Manutenção Preventiva de empilhadeiras;(0xx21) 21265980;92015
80; em 17/02/2016 às 10:00Hs, no endereço: www.comprasnet.gov.br;03/02/2016 das 08:15 às 11:45 Hs e das 13:15 às 15:30 Hs;Praia da Bica 1361 - Ilha do Governador -  - Rio de Janeiro (RJ); a partir de 03/02/2016 às 08:15Hs;(0xx21) 21265981      ;Objeto: Pregão Eletrônico -  Aquisição de 300 tambores novos, com capacidade de 200 litros, tipo tampa fixa, fabricado em chapa de aço carbono, espessura 0,85 mm no corpo e 1,12 mm na tampa e no fundo, com flanges, bujões e lacres, diâmetro de 3/4´ e 2´, pintado internamente com tinta epóxi fenólica creme e externamente com tinta alquídica na cor cinza e com Garantia de 12 (doze) meses.;(0xx21) 21265980;102015
81; em 28/01/2015 às 09:00Hs, no endereço: www.comprasnet.gov.br;15/01/2015 das 08:30 às 11:45 Hs e das 13:15 às 15:30 Hs;Praia da Bica 1361 - Ilha do Governador -  - Rio de Janeiro (RJ); a partir de 15/01/2015 às 08:30Hs;(0xx21) 21265981      ;Objeto: Pregão Eletrônico -  Prestação de serviços continuados de limpeza predial, conservação e jardinagem, com fornecimento de funcionários, equipamentos e material, com execução mediante o regime de empreitada, tipo menor preço global, para atender às necessidades do Depósito de Combustíveis da Marinha no Rio de Janeiro, conforme especificações e quantitativos estabelecidos no edital e seus anexos;(0xx21) 21265980;202015
82; em 28/06/2016 às 09:00Hs, no endereço: www.comprasnet.gov.br;15/06/2016 das 08:15 às 11:45 Hs e das 13:15 às 15:30 Hs;Praia da Bica 1361 - Ilha do Governador -  - Rio de Janeiro (RJ); a partir de 15/06/2016 às 08:15Hs;(0xx21) 21265995      ;Objeto: Pregão Eletrônico -  Aquisição de gás GLP;(0xx21) 21265981;12016
83; em 13/07/2017 às 09:00Hs, no endereço: www.comprasnet.gov.br;30/06/2017 das 08:30 às 11:45 Hs e das 13:00 às 15:30 Hs;Praia da Bica 1361 - Ilha do Governador -  - Rio de Janeiro (RJ); a partir de 30/06/2017 às 08:30Hs;(0xx21) 21265995      ;Objeto: Pregão Eletrônico -  Contratação de empresa para eventual prestação de serviços de inspeção de tanques de combustível do Depósito de Combustíveis da Marinha do Rio de Janeiro (DepCMRJ), conforme as especificações e quantitativos estabelecidos no Anexo B, ESPECIFICAÇÃO TÉCNICA da Seção de Infraestrutura de Abastecimento do DepCMRJ.;(0xx21) 21265981;92016
84; em 09/08/2017 às 09:00Hs, no endereço: www.comprasnet.gov.br;27/07/2017 das 08:30 às 11:45 Hs e das 13:00 às 15:30 Hs;Praia da Bica 1361 - Ilha do Governador -  - Rio de Janeiro (RJ); a partir de 27/07/2017 às 08:30Hs;(0xx21) 21265995      ;Objeto: Pregão Eletrônico -  Registro de preços para eventual contratação do serviço de manutenção preventiva e corretiva de viaturas com aplicação de peças de reposição (originais ou genuínas) essenciais aos serviços de manutenção e fornecimento de peças (originais ou genuínas), em proveito do Depósito de Combustíveis da Marinha no Rio de Janeiro, DepCMRJ, em conformidade com os quantitativos e especificações contidas no Edital nº 02/2017 e seus anexos..;(0xx21) 21265981;22017
85; em 03/08/2017 às 09:00Hs, no endereço: www.comprasnet.gov.br;21/07/2017 das 08:30 às 11:45 Hs e das 13:00 às 15:30 Hs;Praia da Bica 1361 - Ilha do Governador -  - Rio de Janeiro (RJ); a partir de 21/07/2017 às 08:30Hs;(0xx21) 21265995      ;Objeto: Pregão Eletrônico -  Contratação eventual de serviços para a remoção, transporte e destinação final de misturas oleosas e resíduos oleosos, desgaseificação e limpeza dos tanques de armazenagem, calhas, separadores de água e óleo, caixas separadoras dos postos e do parque de tancagem e aquisição de mangotes, defensas e materiais de marinharia  e EPI para abastecimento de embarcações e caminhões do DepCMRJ;(0xx21) 21265981;32017
86; em 27/03/2017 às 09:00Hs, no endereço: www.comprasnet.gov.br;14/03/2017 das 08:30 às 11:45 Hs e das 13:15 às 15:30 Hs;Praia da Bica 1361 - Ilha do Governador -  - Rio de Janeiro (RJ); a partir de 14/03/2017 às 08:30Hs;(0xx21) 21265979      ;Objeto: Pregão Eletrônico -  Serviço de manutenção, fornecimento e substituição de elementos dos vasos filtrantes da rede de querosene de aviação (JP-5), conforme condições, quantidades e exigências estabelecidas no Edital.;(0xx21) 21265980;42017
87; em 05/05/2017 às 09:00Hs, no endereço: www.comprasnet.gov.br;24/04/2017 das 08:30 às 11:50 Hs e das 13:00 às 15:30 Hs;Praia da Bica 1361 - Ilha do Governador -  - Rio de Janeiro (RJ); a partir de 24/04/2017 às 08:30Hs;(0xx21) 21265995      ;Objeto: Pregão Eletrônico -  Contratação de Serviço de manutenção, fornecimento e substituição de elementos dos vasos filtrantes da rede de querosene de aviação (JP-5), conforme condições, quantidades e exigências estabelecidas neste Edital e  seus anexos.;(0xx21) 21265981;102017
88; em 12/09/2017 às 09:00Hs, no endereço: www.comprasnet.gov.br;28/08/2017 das 08:30 às 11:45 Hs e das 13:00 às 15:30 Hs;Praia da Bica 1361 - Ilha do Governador -  - Rio de Janeiro (RJ); a partir de 28/08/2017 às 08:30Hs;(0xx21) 2126595       ;Objeto: Pregão Eletrônico -  Registro de Preços para escolha da proposta mais vantajosa para a contratação de empresa para a prestação de serviços de recolhimento de lixo gerado por esta Organização Militar, em decorrência de suas atividades administrativas, conforme as condições, quantidades e exigências estabelecidas neste Termo de Referência.;(0xx21) 21265980;112017
89; em 18/05/2017 às 09:00Hs, no endereço: www.comprasnet.gov.br;08/05/2017 das 08:30 às 11:45 Hs e das 13:00 às 15:30 Hs;Praia da Bica 1361 - Ilha do Governador -  - Rio de Janeiro (RJ); a partir de 08/05/2017 às 08:30Hs;(0xx21) 21265995      ;Objeto: Pregão Eletrônico -  Contratação eventual prestação de serviços continuados de limpeza predial e conservação,  com fornecimento de funcionários, equipamentos e material, com execução mediante o regime de empreitada, tipo menor preço global, para atender às necessidades do Depósito de Combustíveis da Marinha no Rio de Janeiro, conforme especificações e quantitativos estabelecidos neste Edital 12/2017, e seus anexos;(0xx21) 21265981;122017
90; em 30/08/2017 às 09:00Hs, no endereço: www.comprasnet.gov.br;17/08/2017 das 08:30 às 11:50 Hs e das 13:00 às 15:30 Hs;Praia da Bica 1361 - Ilha do Governador -  - Rio de Janeiro (RJ); a partir de 17/08/2017 às 08:30Hs;(0xx21) 21265995      ;Objeto: Pregão Eletrônico -  Aquisição eventual de Gás liquefeito de petróleo (GLP), engarrafado em cilindros ou botijões de 45 Kg e 20 Kg, para aplicação em cozinha e empilhadeiras industriais, conforme condições, quantidades, exigências e estimativas estabelecidas neste Termo de Referência.;(0xx21) 21265981;132017
91; em 26/09/2017 às 09:15Hs, no endereço: www.comprasnet.gov.br;14/09/2017 das 08:30 às 11:45 Hs e das 13:00 às 15:30 Hs;Praia da Bica 1361 - Ilha do Governador -  - Rio de Janeiro (RJ); a partir de 14/09/2017 às 08:30Hs;(0xx21) 21265995      ;"Objeto: Pregão Eletrônico -  AQUISIÇÃO DE EQUIPAMENTOS, SERVIÇOS, INSUMOS E TREINAMENTO, PARA A REALIZAÇÃO DE ANÁLISES DE COMBUSTÍVEIS NO LABORATÓRIO; BARREIRAS DE CONTENÇÃO DE COMBUSTÍVEIS NO MAR; MATERIAIS DE MARINHARIA; MATERIAIS DE CARPINTARIA; MATERIAIS DE METALURGIA; EQUIPAMENTOS DE REFRIGERAÇÃO;  E EQUIPAMENTOS PARA COZINHA INDUSTRIAL do DepCMRJ, conforme especificações, condições, quantidades, exigências e estimativas estabelecidas neste Termo de Referência.";(0xx21) 21265981;182017
92; em 06/12/2017 às 08:30Hs, no endereço: www.comprasnet.gov.br;24/11/2017 das 08:30 às 11:45 Hs e das 13:00 às 15:30 Hs;Praia da Bica 1361 - Ilha do Governador -  - Rio de Janeiro (RJ); a partir de 24/11/2017 às 08:30Hs;(0xx21) 21265981      ;Objeto: Pregão Eletrônico -  Aquisição de material e serviços de combate a incêndio e controle a acidente ambiental para Seção de Meio Ambiente  fornecidos ao Depósito de Combustíveis da Marinha no Rio de Janeiro, conforme condições, quantidades, exigências e estimativas,   estabelecidas neste instrumento;(0xx21) 21265995;192017
93; em 30/04/2018 às 09:00Hs, no endereço: www.comprasnet.gov.br;17/04/2018 das 08:00 às 11:50 Hs e das 13:00 às 15:00 Hs;Praia da Bica 1361 - Ilha do Governador -  - Rio de Janeiro (RJ); a partir de 17/04/2018 às 08:00Hs;(0xx21) 21265995      ;Objeto: Pregão Eletrônico -  Registro de preços para a escolha da proposta mais vantajosa para a contratação de serviços comuns de engenharia de manutenção nas redes de combustíveis e materiais  do, contemplando o fornecimento de todo material necessário à sua execução, para atender suas necessidades conforme o Edital e as especificações e quantitativos estabelecidos especificações e quantitativos estabelecidos, com FORNECIMENTO DE TODO O MATERIAL, SOBRESSALTANTES,PEÇAS E COMPONENTES (NOVOS E ORIGINAIS);(0xx21) 21265980;202017
94; em 19/12/2017 às 08:30Hs, no endereço: www.comprasnet.gov.br;07/12/2017 das 08:30 às 11:45 Hs e das 13:00 às 15:30 Hs;Praia da Bica 1361 - Ilha do Governador -  - Rio de Janeiro (RJ); a partir de 07/12/2017 às 08:30Hs;(0xx21) 21265995      ;"Objeto: Pregão Eletrônico -  O objeto da presente licitação é o registro de preços para escolha da proposta mais vantajosa para aquisição de equipamentos, serviços, insumos e treinamento, para a realização de análises de combustíveis no laboratório;  materiais em geral para as instalações do Depósito de Combustíveis da Marinha no Rio de Janeiro, conforme especificações,  condições, quantidades, exigências e estimativas estabelecidas neste Edital e seus Anexos.";(0xx21) 21265981;222017
